Client ID,IP,Name,Time,Latitude,Longitude
3950,142.232.130.237:33280,,20180330 15:39:36,49.2495334,-123.0008364
3950,142.232.130.237:33280,,20180330 15:39:57,49.2495345,-123.0008258
3950,142.232.130.237:33280,,20180330 15:40:17,49.2495377,-123.0008306
3950,142.232.130.237:33280,,20180330 15:40:36,49.2495377,-123.0008306
3950,142.232.130.237:33280,,20180330 15:40:57,49.2495407,-123.0008396
1813136810,142.232.130.237:59736,,20180330 16:55:46,49.2495377,-123.0009027
1813136810,142.232.130.237:59736,,20180330 16:56:06,49.2495325,-123.0008245
1813136810,142.232.130.237:54598,,20180330 16:56:46,49.2495377,-123.0008306
1813136810,142.232.130.237:54598,,20180330 16:57:06,49.2495375,-123.0008354
1813136810,142.232.130.237:54598,,20180330 16:57:26,49.2495344,-123.0008286
1813136810,142.232.130.237:54598,,20180330 16:57:55,49.249531,-123.0008625
1813136810,142.232.130.237:54598,,20180330 16:58:06,49.2494895,-123.0009624
1813136810,142.232.130.237:54598,,20180330 16:58:26,49.2494395,-123.0010562
1813136810,142.232.130.237:54598,,20180330 16:58:54,49.2492766,-123.0010919
1813136810,142.232.130.237:54598,,20180330 16:59:06,49.2496003,-123.0015861
1813136810,142.232.130.237:54598,,20180330 16:59:27,49.2498252,-123.0015125
1813136810,142.232.130.237:54598,,20180330 16:59:48,49.2500169,-123.0014028
1813136810,142.232.130.237:54598,,20180330 17:00:08,49.2499203,-123.0014443
1813136810,142.232.130.237:54598,,20180330 17:00:28,49.2498486,-123.0014651
1813136810,142.232.130.237:54598,,20180330 17:00:47,49.2498248,-123.0014731
1813136810,142.232.130.237:54598,,20180330 17:01:07,49.2498241,-123.0014747
1813136810,142.232.130.237:54598,,20180330 17:01:28,49.2498141,-123.0014699
1813136810,142.232.130.237:54598,,20180330 17:01:47,49.2498205,-123.001476
1813136810,142.232.130.237:54598,,20180330 17:02:08,49.2498086,-123.0014745
1813136810,142.232.130.237:54598,,20180330 17:02:28,49.2497802,-123.0015096
1813136810,142.232.130.237:54598,,20180330 17:02:52,49.2495661,-123.001707
1813136810,142.232.130.237:54598,,20180330 17:03:14,49.2486525,-122.998135
1813136810,142.232.130.237:54598,,20180330 17:03:34,49.2486525,-122.998135
1813136810,142.232.130.237:37360,,20180330 17:06:10,49.2495319,-123.0008271
1813136810,209.52.88.110:29535,,20180330 17:07:23,49.249565,-123.0009934
1813136810,209.52.88.110:18334,,20180330 17:22:24,49.2495551,-123.0009495
1813136810,209.52.88.110:18334,,20180330 17:22:45,49.2495644,-123.0009574
1813136810,209.52.88.110:18334,,20180330 17:23:05,49.2495625,-123.0009607
1813136810,209.52.88.110:18334,,20180330 17:23:25,49.2495705,-123.0007902
1813136810,209.52.88.110:18334,,20180330 17:23:45,49.2495315,-123.0008306
1813136810,209.52.88.110:18334,,20180330 17:24:05,49.2495327,-123.000827
1813136810,209.52.88.110:18334,,20180330 17:24:25,49.2495002,-123.0009994
1813136810,209.52.88.110:18334,,20180330 17:24:45,49.2495388,-123.0011506
1813136810,209.52.88.110:18334,,20180330 17:25:05,49.2495409,-123.0010716
1813136810,209.52.88.110:18334,,20180330 17:25:26,49.2493489,-123.0003343
1813136810,209.52.88.110:18334,,20180330 17:25:46,49.2492481,-123.0002071
1813136810,209.52.88.110:18334,,20180330 17:26:01,49.248845,-122.9998789
1813136810,209.52.88.110:18334,,20180330 17:26:21,49.2488569,-122.9996047
1813136810,209.52.88.110:18334,,20180330 17:26:22,49.24915694,-122.99968063
1813136810,209.52.88.110:18334,,20180330 17:26:23,49.24915798,-122.99967176
1813136810,209.52.88.110:18334,,20180330 17:26:24,49.24915882,-122.99966455
1813136810,209.52.88.110:18334,,20180330 17:26:25,49.24915821,-122.99966981
1813136810,209.52.88.110:18334,,20180330 17:26:26,49.24915826,-122.99966892
1813136810,209.52.88.110:18334,,20180330 17:26:27,49.24915835,-122.99966789
1813136810,209.52.88.110:18334,,20180330 17:26:28,49.24915824,-122.99966849
1813136810,209.52.88.110:18334,,20180330 17:26:29,49.24915841,-122.99966672
1813136810,209.52.88.110:18334,,20180330 17:26:30,49.24915867,-122.9996639
1813136810,209.52.88.110:18334,,20180330 17:26:31,49.24915887,-122.99966166
1813136810,209.52.88.110:18334,,20180330 17:26:32,49.2491588,-122.99966175
1813136810,209.52.88.110:18334,,20180330 17:26:33,49.24915876,-122.99966158
1813136810,209.52.88.110:18334,,20180330 17:26:34,49.24915884,-122.99966024
1813136810,209.52.88.110:18334,,20180330 17:26:35,49.24915872,-122.99966039
1813136810,209.52.88.110:18334,,20180330 17:26:36,49.24915864,-122.99966066
1813136810,209.52.88.110:18334,,20180330 17:26:37,49.24915882,-122.9996585
1813136810,209.52.88.110:18334,,20180330 17:26:38,49.24915895,-122.99965681
1813136810,209.52.88.110:18334,,20180330 17:26:39,49.24915892,-122.99965684
1813136810,209.52.88.110:18334,,20180330 17:26:40,49.24915889,-122.99965647
1813136810,209.52.88.110:18334,,20180330 17:26:41,49.24915897,-122.99965496
1813136810,209.52.88.110:18334,,20180330 17:26:41,49.2488626,-122.999588
1813136810,209.52.88.110:18334,,20180330 17:26:42,49.24915896,-122.99965502
1813136810,209.52.88.110:18334,,20180330 17:26:43,49.24915895,-122.99965456
1813136810,209.52.88.110:18334,,20180330 17:26:44,49.24915884,-122.99965488
1813136810,209.52.88.110:18334,,20180330 17:26:45,49.24915863,-122.99965571
1813136810,209.52.88.110:18334,,20180330 17:26:46,49.24915866,-122.99965423
1813136810,209.52.88.110:18334,,20180330 17:26:47,49.24915865,-122.99965387
1813136810,209.52.88.110:18334,,20180330 17:26:48,49.24915847,-122.99965477
1813136810,209.52.88.110:18334,,20180330 17:26:49,49.2491583,-122.99965468
1813136810,209.52.88.110:18334,,20180330 17:26:50,49.24915818,-122.99965515
1813136810,209.52.88.110:18334,,20180330 17:26:51,49.24915799,-122.99965589
1813136810,209.52.88.110:18334,,20180330 17:26:52,49.24915802,-122.99965435
1813136810,209.52.88.110:18334,,20180330 17:26:53,49.24915801,-122.99965319
1813136810,209.52.88.110:18334,,20180330 17:26:54,49.24915806,-122.99965196
1813136810,209.52.88.110:18334,,20180330 17:26:55,49.24856438,-122.99968495
1813136810,209.52.88.110:18334,,20180330 17:26:56,49.24854482,-122.99964714
1813136810,209.52.88.110:18334,,20180330 17:26:57,49.24854088,-122.999619
1813136810,209.52.88.110:18334,,20180330 17:26:58,49.24852143,-122.99965444
1813136810,209.52.88.110:18334,,20180330 17:26:59,49.24852893,-122.99963797
1813136810,209.52.88.110:18334,,20180330 17:27:00,49.24854474,-122.99961145
1813136810,209.52.88.110:18334,,20180330 17:27:01,49.24856784,-122.99958145
1813136810,209.52.88.110:18334,,20180330 17:27:02,49.24855378,-122.99959247
1813136810,209.52.88.110:18334,,20180330 17:27:02,49.2486467,-122.9991389
1813136810,209.52.88.110:18334,,20180330 17:27:03,49.24856054,-122.9995692
1813136810,209.52.88.110:18334,,20180330 17:27:04,49.24854623,-122.99959043
1813136810,209.52.88.110:18334,,20180330 17:27:05,49.24852446,-122.99959894
1813136810,209.52.88.110:18334,,20180330 17:27:06,49.24853182,-122.99955045
1813136810,209.52.88.110:18334,,20180330 17:27:07,49.24851831,-122.99953562
1813136810,209.52.88.110:18334,,20180330 17:27:08,49.24853097,-122.99949937
1813136810,209.52.88.110:18334,,20180330 17:27:09,49.24848779,-122.99951299
1813136810,209.52.88.110:18334,,20180330 17:27:10,49.24847397,-122.9994868
1813136810,209.52.88.110:18334,,20180330 17:27:11,49.24846571,-122.99947937
1813136810,209.52.88.110:18334,,20180330 17:27:12,49.24845252,-122.99947693
1813136810,209.52.88.110:18334,,20180330 17:27:13,49.24843798,-122.99948746
1813136810,209.52.88.110:18334,,20180330 17:27:14,49.24845465,-122.99946967
1813136810,209.52.88.110:18334,,20180330 17:27:15,49.24844873,-122.99946481
1813136810,209.52.88.110:18334,,20180330 17:27:16,49.24843754,-122.99948047
1813136810,209.52.88.110:18334,,20180330 17:27:17,49.24841407,-122.99949965
1813136810,209.52.88.110:18334,,20180330 17:27:18,49.24840701,-122.99947932
1813136810,209.52.88.110:18334,,20180330 17:27:19,49.24839207,-122.99948724
1813136810,209.52.88.110:18334,,20180330 17:27:20,49.24838793,-122.99945865
1813136810,209.52.88.110:18334,,20180330 17:27:21,49.24837693,-122.99942755
1813136810,209.52.88.110:18334,,20180330 17:27:21,49.2486371,-122.9990126
1813136810,209.52.88.110:18334,,20180330 17:27:22,49.24835157,-122.99943901
1813136810,209.52.88.110:18334,,20180330 17:27:23,49.24832657,-122.99942138
1813136810,209.52.88.110:18334,,20180330 17:27:24,49.24831193,-122.99938337
1813136810,209.52.88.110:18334,,20180330 17:27:25,49.24828856,-122.99939336
1813136810,209.52.88.110:18334,,20180330 17:27:26,49.24829171,-122.99938398
1813136810,209.52.88.110:18334,,20180330 17:27:27,49.2482639,-122.99935594
1813136810,209.52.88.110:18334,,20180330 17:27:28,49.24828967,-122.99931595
1813136810,209.52.88.110:18334,,20180330 17:27:29,49.24829999,-122.99929599
1813136810,209.52.88.110:18334,,20180330 17:27:30,49.24828928,-122.9992993
1813136810,209.52.88.110:18334,,20180330 17:27:31,49.24828184,-122.99928128
1813136810,209.52.88.110:18334,,20180330 17:27:32,49.24827453,-122.99923428
1813136810,209.52.88.110:18334,,20180330 17:27:33,49.24827535,-122.99924455
1813136810,209.52.88.110:18334,,20180330 17:27:34,49.2482764,-122.99923036
1813136810,209.52.88.110:18334,,20180330 17:27:35,49.2482803,-122.99919229
1813136810,209.52.88.110:18334,,20180330 17:27:36,49.24827566,-122.99920747
1813136810,209.52.88.110:18334,,20180330 17:27:37,49.24827133,-122.99920224
1813136810,209.52.88.110:18334,,20180330 17:27:38,49.24827748,-122.9991805
1813136810,209.52.88.110:18334,,20180330 17:27:39,49.2482802,-122.99917217
1813136810,209.52.88.110:18334,,20180330 17:27:40,49.24827994,-122.99918201
1813136810,209.52.88.110:18334,,20180330 17:27:41,49.24828284,-122.99918318
1813136810,209.52.88.110:18334,,20180330 17:27:41,49.247676,-122.9982278
1813136810,209.52.88.110:18334,,20180330 17:27:42,49.24828294,-122.99918332
1813136810,209.52.88.110:18334,,20180330 17:27:43,49.24828377,-122.9991892
1813136810,209.52.88.110:18334,,20180330 17:27:44,49.24828319,-122.99920259
1813136810,209.52.88.110:18334,,20180330 17:27:45,49.24828319,-122.9991966
1813136810,209.52.88.110:18334,,20180330 17:27:46,49.2482826,-122.99919475
1813136810,209.52.88.110:18334,,20180330 17:27:47,49.24828233,-122.99919092
1813136810,209.52.88.110:18334,,20180330 17:27:48,49.24828281,-122.99918635
1813136810,209.52.88.110:18334,,20180330 17:27:49,49.24828281,-122.99918643
1813136810,209.52.88.110:18334,,20180330 17:27:50,49.24828309,-122.99918631
1813136810,209.52.88.110:18334,,20180330 17:27:51,49.248283,-122.99918645
1813136810,209.52.88.110:18334,,20180330 17:27:52,49.248283,-122.99918642
1813136810,209.52.88.110:18334,,20180330 17:27:53,49.24828304,-122.99918607
1813136810,209.52.88.110:18334,,20180330 17:27:54,49.248283,-122.99918608
1813136810,209.52.88.110:18334,,20180330 17:27:55,49.24828302,-122.99918601
1813136810,209.52.88.110:18334,,20180330 17:27:56,49.24828304,-122.99918602
1813136810,209.52.88.110:18334,,20180330 17:27:57,49.24828304,-122.999186
1813136810,209.52.88.110:18334,,20180330 17:27:58,49.24828304,-122.99918592
1813136810,209.52.88.110:18334,,20180330 17:27:59,49.24828304,-122.99918596
1813136810,209.52.88.110:18334,,20180330 17:28:00,49.24828302,-122.99918599
1813136810,209.52.88.110:18334,,20180330 17:28:01,49.24828302,-122.99918601
1813136810,209.52.88.110:18334,,20180330 17:28:01,49.2488463,-123.0000779
1813136810,209.52.88.110:18334,,20180330 17:28:02,49.24828302,-122.99918602
1813136810,209.52.88.110:18334,,20180330 17:28:03,49.24828302,-122.99918601
1813136810,209.52.88.110:18334,,20180330 17:28:04,49.24828302,-122.99918605
1813136810,209.52.88.110:18334,,20180330 17:28:05,49.24828302,-122.99918599
1813136810,209.52.88.110:18334,,20180330 17:28:06,49.24828302,-122.9991861
1813136810,209.52.88.110:18334,,20180330 17:28:07,49.248283,-122.9991863
1813136810,209.52.88.110:18334,,20180330 17:28:08,49.24828298,-122.99918632
1813136810,209.52.88.110:18334,,20180330 17:28:09,49.24828297,-122.9991864
1813136810,209.52.88.110:18334,,20180330 17:28:10,49.24828293,-122.99918666
1813136810,209.52.88.110:18334,,20180330 17:28:11,49.24828293,-122.99918666
1813136810,209.52.88.110:18334,,20180330 17:28:12,49.24828291,-122.99918675
1813136810,209.52.88.110:18334,,20180330 17:28:13,49.24828291,-122.99918667
1813136810,209.52.88.110:18334,,20180330 17:28:14,49.24828289,-122.99918673
1813136810,209.52.88.110:18334,,20180330 17:28:15,49.24828288,-122.99918674
1813136810,209.52.88.110:18334,,20180330 17:28:16,49.24828288,-122.99918669
1813136810,209.52.88.110:18334,,20180330 17:28:17,49.24828287,-122.99918662
1813136810,209.52.88.110:18334,,20180330 17:28:18,49.24828285,-122.99918661
1813136810,209.52.88.110:18334,,20180330 17:28:19,49.24828283,-122.99918664
1813136810,209.52.88.110:18334,,20180330 17:28:20,49.24828281,-122.99918665
1813136810,209.52.88.110:18334,,20180330 17:28:21,49.2482828,-122.99918666
1813136810,209.52.88.110:18334,,20180330 17:28:21,49.2488463,-123.0000779
1813136810,209.52.88.110:18334,,20180330 17:28:22,49.24828278,-122.9991868
1813136810,209.52.88.110:18334,,20180330 17:28:23,49.24828277,-122.99918681
1813136810,209.52.88.110:18334,,20180330 17:28:24,49.24828277,-122.99918681
1813136810,209.52.88.110:18334,,20180330 17:28:25,49.24828276,-122.99918681
1813136810,209.52.88.110:18334,,20180330 17:28:26,49.24828274,-122.99918682
1813136810,209.52.88.110:18334,,20180330 17:28:27,49.24828272,-122.99918684
1813136810,209.52.88.110:18334,,20180330 17:28:28,49.24828272,-122.99918686
1813136810,209.52.88.110:18334,,20180330 17:28:29,49.24828271,-122.99918687
1813136810,209.52.88.110:18334,,20180330 17:28:30,49.24828271,-122.99918687
1813136810,209.52.88.110:18334,,20180330 17:28:31,49.24828271,-122.99918687
1813136810,209.52.88.110:18334,,20180330 17:28:32,49.24828271,-122.99918686
1813136810,209.52.88.110:18334,,20180330 17:28:33,49.2482827,-122.99918687
1813136810,209.52.88.110:18334,,20180330 17:28:39,49.2488463,-123.0000779
1813136810,209.52.88.110:18334,,20180330 17:28:59,49.2493878,-122.9984252
1813136810,209.52.88.110:18334,,20180330 17:29:21,49.2493878,-122.9984252
1813136810,209.52.88.110:18334,,20180330 17:29:41,49.2498103,-122.9974427
1813136810,209.52.88.110:18334,,20180330 17:29:42,49.2498103,-122.9974427
1813136810,209.52.88.110:18334,,20180330 17:30:02,49.2549808,-122.9931821
1813136810,209.52.88.110:18334,,20180330 17:30:22,49.254968,-122.9975881
1813136810,209.52.88.110:18334,,20180330 17:30:42,49.254968,-122.9975881
1813136810,209.52.88.110:18334,,20180330 17:31:03,49.2550288,-123.0048059
1813136810,209.52.88.110:18334,,20180330 17:31:22,49.2554396,-123.0050053
1813136810,209.52.88.110:18334,,20180330 17:31:42,49.2554396,-123.0050053
1813136810,209.52.88.110:18334,,20180330 17:32:04,49.2588116,-123.007024
1813136810,209.52.88.110:18334,,20180330 17:32:24,49.2607131,-123.0022138
1813136810,209.52.88.110:18334,,20180330 17:32:44,49.2640735,-122.9973488
1813136810,209.52.88.110:18334,,20180330 17:33:04,49.2608923,-123.0019139
1813136810,209.52.88.110:18334,,20180330 17:33:24,49.2608923,-123.0019139
1813136810,209.52.88.110:18334,,20180330 17:33:44,49.2609247,-123.0018598
1813136810,209.52.88.110:18334,,20180330 17:33:54,49.264595,-123.006404
1813136810,209.52.88.110:18334,,20180330 17:34:14,49.2603457,-123.0000417
1813136810,209.52.88.110:18334,,20180330 17:34:34,49.2604114,-122.9999624
1813136810,209.52.88.110:18334,,20180330 17:34:54,49.2604154,-122.9998204
1813136810,209.52.88.110:18334,,20180330 17:35:14,49.260309,-122.9999499
1813136810,209.52.88.110:18334,,20180330 17:35:34,49.2603224,-122.9999224
1813136810,209.52.88.110:18334,,20180330 17:35:54,49.2603274,-122.9999605
1813136810,209.52.88.110:18334,,20180330 17:36:14,49.260364,-122.9999142
1813136810,209.52.88.110:18334,,20180330 17:36:34,49.2603524,-122.999803
1813136810,209.52.88.110:18334,,20180330 17:36:54,49.2603401,-122.9998753
1813136810,209.52.88.110:18334,,20180330 17:37:14,49.2602984,-122.9999394
1813136810,209.52.88.110:18334,,20180330 17:37:34,49.2603673,-122.9998431
1813136810,209.52.88.110:18334,,20180330 17:37:54,49.2603717,-122.9999836
1813136810,209.52.88.110:18334,,20180330 17:38:14,49.2603186,-122.9999108
1813136810,209.52.88.110:18334,,20180330 17:38:34,49.2603692,-122.9998995
1813136810,209.52.88.110:18334,,20180330 17:38:54,49.2603719,-122.9998613
1813136810,209.52.88.110:18334,,20180330 17:39:14,49.2603334,-122.9997777
1813136810,209.52.88.110:18334,,20180330 17:39:34,49.2603626,-122.9998882
1813136810,209.52.88.110:18334,,20180330 17:39:55,49.2603705,-122.9998898
1813136810,209.52.88.110:18334,,20180330 17:40:14,49.260344,-122.9999301
1813136810,209.52.88.110:18334,,20180330 17:40:36,49.260344,-122.9998996
1813136810,209.52.88.110:18334,,20180330 17:40:56,49.2603464,-122.9999403
1813136810,209.52.88.110:18334,,20180330 17:41:16,49.2603808,-122.9999083
1813136810,209.52.88.110:18334,,20180330 17:41:36,49.2603871,-122.9999123
1813136810,209.52.88.110:18334,,20180330 17:41:56,49.2603734,-122.9998837
1813136810,209.52.88.110:18334,,20180330 17:42:16,49.2603731,-122.9997883
1813136810,209.52.88.110:18334,,20180330 17:42:36,49.260374,-122.9998207
1813136810,209.52.88.110:18334,,20180330 17:42:56,49.2603573,-122.9998639
1813136810,209.52.88.110:18334,,20180330 17:43:16,49.260385,-122.9998501
1813136810,209.52.88.110:18334,,20180330 17:43:36,49.2603786,-122.9998432
1813136810,209.52.88.110:18334,,20180330 17:43:56,49.2603876,-123.0000736
1813136810,209.52.88.110:18334,,20180330 17:44:16,49.2604515,-122.9999684
1813136810,209.52.88.110:18334,,20180330 17:44:36,49.2604569,-122.9999404
1813136810,209.52.88.110:18334,,20180330 17:44:56,49.2607403,-123.0015957
1813136810,209.52.88.110:18334,,20180330 17:45:16,49.2631617,-123.0091788
1813136810,209.52.88.110:18334,,20180330 17:45:37,49.2631371,-123.0091624
1813136810,209.52.88.110:18334,,20180330 17:45:56,49.2631371,-123.0091624
1813136810,209.52.88.110:18334,,20180330 17:46:18,49.2631371,-123.0091624
1813136810,209.52.88.110:18334,,20180330 17:46:38,49.2609311,-123.0018545
1813136810,209.52.88.110:18334,,20180330 17:46:58,49.2609472,-123.0018014
1813136810,209.52.88.110:18334,,20180330 17:47:19,49.2609472,-123.0018014
1813136810,209.52.88.110:18334,,20180330 17:47:39,49.2645512,-123.0074614
1813136810,209.52.88.110:18334,,20180330 17:47:59,49.2643044,-123.0078863
1813136810,209.52.88.110:18334,,20180330 17:48:20,49.2635605,-123.0108635
1813136810,209.52.88.110:18334,,20180330 17:48:40,49.2603633,-123.005832
1813136810,209.52.88.110:18334,,20180330 17:48:59,49.2634262,-123.0084152
1813136810,209.52.88.110:18334,,20180330 17:49:02,49.26044478,-123.00502948
1813136810,209.52.88.110:18334,,20180330 17:49:03,49.26044561,-123.00500273
1813136810,209.52.88.110:18334,,20180330 17:49:04,49.2604552,-123.00496366
1813136810,209.52.88.110:18334,,20180330 17:49:05,49.26045856,-123.00491929
1813136810,209.52.88.110:18334,,20180330 17:49:06,49.26046256,-123.00489505
1813136810,209.52.88.110:18334,,20180330 17:49:07,49.26044847,-123.00488976
1813136810,209.52.88.110:18334,,20180330 17:49:08,49.26044378,-123.00489309
1813136810,209.52.88.110:18334,,20180330 17:49:09,49.26044473,-123.00488605
1813136810,209.52.88.110:18334,,20180330 17:49:10,49.26044157,-123.00490165
1813136810,209.52.88.110:18334,,20180330 17:49:11,49.26044109,-123.00490469
1813136810,209.52.88.110:18334,,20180330 17:49:12,49.26044076,-123.00490392
1813136810,209.52.88.110:18334,,20180330 17:49:13,49.26044143,-123.00490515
1813136810,209.52.88.110:18334,,20180330 17:49:14,49.26044144,-123.00490553
1813136810,209.52.88.110:18334,,20180330 17:49:15,49.26044096,-123.00490508
1813136810,209.52.88.110:18334,,20180330 17:49:16,49.26044036,-123.00490363
1813136810,209.52.88.110:18334,,20180330 17:49:17,49.26044033,-123.00490331
1813136810,209.52.88.110:18334,,20180330 17:49:18,49.26044033,-123.00490335
1813136810,209.52.88.110:18334,,20180330 17:49:19,49.26044041,-123.0049033
1813136810,209.52.88.110:18334,,20180330 17:49:20,49.26042844,-123.00490601
1813136810,209.52.88.110:18334,,20180330 17:49:21,49.26043949,-123.00494222
1813136810,209.52.88.110:18334,,20180330 17:49:22,49.26043615,-123.00495257
1813136810,209.52.88.110:18334,,20180330 17:49:22,49.2633407,-123.0083672
1813136810,209.52.88.110:18334,,20180330 17:49:23,49.26043146,-123.00495863
1813136810,209.52.88.110:18334,,20180330 17:49:24,49.26042864,-123.00497328
1813136810,209.52.88.110:18334,,20180330 17:49:25,49.26042646,-123.0049701
1813136810,209.52.88.110:18334,,20180330 17:49:26,49.2604471,-123.00500459
1813136810,209.52.88.110:18334,,20180330 17:49:27,49.2604219,-123.00495823
1813136810,209.52.88.110:18334,,20180330 17:49:28,49.26041826,-123.00491726
1813136810,209.52.88.110:18334,,20180330 17:49:29,49.26043174,-123.00493374
1813136810,209.52.88.110:18334,,20180330 17:49:30,49.26042806,-123.0049354
1813136810,209.52.88.110:18334,,20180330 17:49:31,49.26042949,-123.00493898
1813136810,209.52.88.110:18334,,20180330 17:49:32,49.26040501,-123.00498589
1813136810,209.52.88.110:18334,,20180330 17:49:33,49.26038427,-123.00505155
1813136810,209.52.88.110:18334,,20180330 17:49:34,49.26037214,-123.00511024
1813136810,209.52.88.110:18334,,20180330 17:49:35,49.26036257,-123.00512638
1813136810,209.52.88.110:18334,,20180330 17:49:36,49.26035924,-123.00512784
1813136810,209.52.88.110:18334,,20180330 17:49:37,49.26035794,-123.00511853
1813136810,209.52.88.110:18334,,20180330 17:49:38,49.2603549,-123.00511963
1813136810,209.52.88.110:18334,,20180330 17:49:39,49.2603586,-123.00510757
1813136810,209.52.88.110:18334,,20180330 17:49:40,49.2603592,-123.00510382
1813136810,209.52.88.110:18334,,20180330 17:49:41,49.2603591,-123.00510426
1813136810,209.52.88.110:18334,,20180330 17:49:42,49.26035903,-123.00510423
1813136810,209.52.88.110:18334,,20180330 17:49:42,49.2634944,-123.0085755
1813136810,209.52.88.110:18334,,20180330 17:49:43,49.26035953,-123.00510224
1813136810,209.52.88.110:18334,,20180330 17:49:44,49.26035961,-123.00510184
1813136810,209.52.88.110:18334,,20180330 17:49:45,49.26035962,-123.00510193
1813136810,209.52.88.110:18334,,20180330 17:49:46,49.26035961,-123.00510189
1813136810,209.52.88.110:18334,,20180330 17:49:47,49.26035956,-123.00510193
1813136810,209.52.88.110:18334,,20180330 17:49:48,49.26035955,-123.00510195
1813136810,209.52.88.110:18334,,20180330 17:49:49,49.26035948,-123.00510207
1813136810,209.52.88.110:18334,,20180330 17:49:50,49.26035947,-123.00510213
1813136810,209.52.88.110:18334,,20180330 17:49:51,49.26035941,-123.00510214
1813136810,209.52.88.110:18334,,20180330 17:49:52,49.2603594,-123.00510216
1813136810,209.52.88.110:18334,,20180330 17:49:53,49.26035936,-123.00510221
1813136810,209.52.88.110:18334,,20180330 17:49:54,49.26035934,-123.00510231
1813136810,209.52.88.110:18334,,20180330 17:49:55,49.26035931,-123.00510242
1813136810,209.52.88.110:18334,,20180330 17:49:56,49.26035931,-123.00510241
1813136810,209.52.88.110:18334,,20180330 17:49:57,49.26035925,-123.00510243
1813136810,209.52.88.110:18334,,20180330 17:49:58,49.26035919,-123.00510253
1813136810,209.52.88.110:18334,,20180330 17:49:59,49.26035916,-123.00510254
1813136810,209.52.88.110:18334,,20180330 17:50:00,49.26035918,-123.0051025
1813136810,209.52.88.110:18334,,20180330 17:50:01,49.26035917,-123.00510253
1813136810,209.52.88.110:18334,,20180330 17:50:02,49.26035916,-123.00510251
1813136810,209.52.88.110:18334,,20180330 17:50:02,49.2624892,-123.0068242
1813136810,209.52.88.110:18334,,20180330 17:50:03,49.2603592,-123.00510245
1813136810,209.52.88.110:18334,,20180330 17:50:04,49.2603592,-123.0051027
1813136810,209.52.88.110:18334,,20180330 17:50:05,49.26035927,-123.00510289
1813136810,209.52.88.110:18334,,20180330 17:50:06,49.26035932,-123.00510305
1813136810,209.52.88.110:18334,,20180330 17:50:07,49.26035928,-123.00510294
1813136810,209.52.88.110:18334,,20180330 17:50:08,49.2603593,-123.00510301
1813136810,209.52.88.110:18334,,20180330 17:50:09,49.26035931,-123.00510321
1813136810,209.52.88.110:18334,,20180330 17:50:10,49.26035766,-123.00511636
1813136810,209.52.88.110:18334,,20180330 17:50:11,49.2603361,-123.00508653
1813136810,209.52.88.110:18334,,20180330 17:50:12,49.2603225,-123.00507491
1813136810,209.52.88.110:18334,,20180330 17:50:13,49.26032239,-123.00504853
1813136810,209.52.88.110:18334,,20180330 17:50:14,49.26031273,-123.00504864
1813136810,209.52.88.110:18334,,20180330 17:50:15,49.26029845,-123.00504563
1813136810,209.52.88.110:18334,,20180330 17:50:16,49.26030035,-123.00505606
1813136810,209.52.88.110:18334,,20180330 17:50:17,49.26029708,-123.00505977
1813136810,209.52.88.110:18334,,20180330 17:50:18,49.26028868,-123.00504248
1813136810,209.52.88.110:18334,,20180330 17:50:19,49.2602998,-123.00507055
1813136810,209.52.88.110:18334,,20180330 17:50:20,49.26030155,-123.00507866
1813136810,209.52.88.110:18334,,20180330 17:50:21,49.26029997,-123.00508399
1813136810,209.52.88.110:18334,,20180330 17:50:22,49.26029862,-123.00508495
1813136810,209.52.88.110:18334,,20180330 17:50:22,49.2605054,-123.0053609
1813136810,209.52.88.110:18334,,20180330 17:50:23,49.26030324,-123.00509841
1813136810,209.52.88.110:18334,,20180330 17:50:24,49.26030193,-123.00510254
1813136810,209.52.88.110:18334,,20180330 17:50:25,49.26030379,-123.00510908
1813136810,209.52.88.110:18334,,20180330 17:50:26,49.26030451,-123.00510828
1813136810,209.52.88.110:18334,,20180330 17:50:27,49.26030407,-123.00510425
1813136810,209.52.88.110:18334,,20180330 17:50:28,49.26030541,-123.00510807
1813136810,209.52.88.110:18334,,20180330 17:50:29,49.26030321,-123.00510352
1813136810,209.52.88.110:18334,,20180330 17:50:30,49.26030287,-123.00509967
1813136810,209.52.88.110:18334,,20180330 17:50:31,49.26030308,-123.00509764
1813136810,209.52.88.110:18334,,20180330 17:50:32,49.26030367,-123.00509901
1813136810,209.52.88.110:18334,,20180330 17:50:33,49.26030398,-123.0050996
1813136810,209.52.88.110:18334,,20180330 17:50:34,49.26030397,-123.00509994
1813136810,209.52.88.110:18334,,20180330 17:50:35,49.26030399,-123.0051
1813136810,209.52.88.110:18334,,20180330 17:50:36,49.26030403,-123.00510012
1813136810,209.52.88.110:18334,,20180330 17:50:37,49.26030406,-123.00510027
1813136810,209.52.88.110:18334,,20180330 17:50:38,49.26030407,-123.00510021
1813136810,209.52.88.110:18334,,20180330 17:50:39,49.26030408,-123.00510035
1813136810,209.52.88.110:18334,,20180330 17:50:40,49.26030412,-123.00510051
1813136810,209.52.88.110:18334,,20180330 17:50:41,49.26030412,-123.00510064
1813136810,209.52.88.110:18334,,20180330 17:50:42,49.26030408,-123.00510066
1813136810,209.52.88.110:18334,,20180330 17:50:42,49.2603789,-123.0055086
1813136810,209.52.88.110:18334,,20180330 17:50:43,49.2603041,-123.00510077
1813136810,209.52.88.110:18334,,20180330 17:50:44,49.2603041,-123.00510078
1813136810,209.52.88.110:18334,,20180330 17:50:45,49.26030411,-123.00510087
1813136810,209.52.88.110:18334,,20180330 17:50:46,49.26030412,-123.00510083
1813136810,209.52.88.110:18334,,20180330 17:50:47,49.26030411,-123.00510084
1813136810,209.52.88.110:18334,,20180330 17:50:48,49.26030409,-123.00510081
1813136810,209.52.88.110:18334,,20180330 17:50:49,49.26030411,-123.00510085
1813136810,209.52.88.110:18334,,20180330 17:50:50,49.26030414,-123.00510089
1813136810,209.52.88.110:18334,,20180330 17:50:51,49.26030412,-123.00510084
1813136810,209.52.88.110:18334,,20180330 17:50:52,49.26030415,-123.00510096
1813136810,209.52.88.110:18334,,20180330 17:50:53,49.26030415,-123.00510096
1813136810,209.52.88.110:18334,,20180330 17:50:54,49.26030416,-123.00510097
1813136810,209.52.88.110:18334,,20180330 17:50:55,49.26030421,-123.00510115
1813136810,209.52.88.110:18334,,20180330 17:50:56,49.26030421,-123.00510116
1813136810,209.52.88.110:18334,,20180330 17:50:57,49.26030423,-123.00510114
1813136810,209.52.88.110:18334,,20180330 17:50:58,49.26030423,-123.0051011
1813136810,209.52.88.110:18334,,20180330 17:50:59,49.26030422,-123.00510107
1813136810,209.52.88.110:18334,,20180330 17:51:00,49.2603042,-123.00510103
1813136810,209.52.88.110:18334,,20180330 17:51:01,49.26030422,-123.00510108
1813136810,209.52.88.110:18334,,20180330 17:51:02,49.2603042,-123.00510108
1813136810,209.52.88.110:18334,,20180330 17:51:02,49.2603789,-123.0055086
1813136810,209.52.88.110:18334,,20180330 17:51:03,49.2603042,-123.0051011
1813136810,209.52.88.110:18334,,20180330 17:51:04,49.26030418,-123.00510112
1813136810,209.52.88.110:18334,,20180330 17:51:05,49.26030418,-123.0051011
1813136810,209.52.88.110:18334,,20180330 17:51:06,49.26030415,-123.00510113
1813136810,209.52.88.110:18334,,20180330 17:51:07,49.26030416,-123.0051012
1813136810,209.52.88.110:18334,,20180330 17:51:08,49.26030408,-123.00510114
1813136810,209.52.88.110:18334,,20180330 17:51:09,49.26030407,-123.00510122
1813136810,209.52.88.110:18334,,20180330 17:51:10,49.26030403,-123.00510126
1813136810,209.52.88.110:18334,,20180330 17:51:11,49.26030398,-123.00510126
1813136810,209.52.88.110:18334,,20180330 17:51:12,49.26030395,-123.00510141
1813136810,209.52.88.110:18334,,20180330 17:51:13,49.26030395,-123.00510146
1813136810,209.52.88.110:18334,,20180330 17:51:14,49.26030389,-123.00510148
1813136810,209.52.88.110:18334,,20180330 17:51:15,49.26030383,-123.00510149
1813136810,209.52.88.110:18334,,20180330 17:51:16,49.26030382,-123.00510153
1813136810,209.52.88.110:18334,,20180330 17:51:17,49.26030378,-123.00510149
1813136810,209.52.88.110:18334,,20180330 17:51:18,49.26030375,-123.00510146
1813136810,209.52.88.110:18334,,20180330 17:51:19,49.26030375,-123.00510147
1813136810,209.52.88.110:18334,,20180330 17:51:20,49.26030377,-123.00510158
1813136810,209.52.88.110:18334,,20180330 17:51:21,49.26030378,-123.00510164
1813136810,209.52.88.110:18334,,20180330 17:51:22,49.26030379,-123.00510178
1813136810,209.52.88.110:18334,,20180330 17:51:23,49.2603038,-123.00510192
1813136810,209.52.88.110:18334,,20180330 17:51:23,49.2603789,-123.0055086
1813136810,209.52.88.110:18334,,20180330 17:51:24,49.2603038,-123.00510198
1813136810,209.52.88.110:18334,,20180330 17:51:25,49.26030376,-123.00510198
1813136810,209.52.88.110:18334,,20180330 17:51:26,49.26030371,-123.00510199
1813136810,209.52.88.110:18334,,20180330 17:51:27,49.2603037,-123.00510196
1813136810,209.52.88.110:18334,,20180330 17:51:28,49.26030371,-123.00510204
1813136810,209.52.88.110:18334,,20180330 17:51:29,49.26030371,-123.00510218
1813136810,209.52.88.110:18334,,20180330 17:51:30,49.26030373,-123.0051022
1813136810,209.52.88.110:18334,,20180330 17:51:31,49.26030369,-123.0051021
1813136810,209.52.88.110:18334,,20180330 17:51:32,49.26030367,-123.00510206
1813136810,209.52.88.110:18334,,20180330 17:51:33,49.26030367,-123.00510206
1813136810,209.52.88.110:18334,,20180330 17:51:34,49.26030368,-123.00510211
1813136810,209.52.88.110:18334,,20180330 17:51:35,49.26030372,-123.00510221
1813136810,209.52.88.110:18334,,20180330 17:51:36,49.26030372,-123.00510222
1813136810,209.52.88.110:18334,,20180330 17:51:37,49.26030376,-123.00510235
1813136810,209.52.88.110:18334,,20180330 17:51:38,49.26030457,-123.00510596
1813136810,209.52.88.110:18334,,20180330 17:51:39,49.26030356,-123.0051015
1813136810,209.52.88.110:18334,,20180330 17:51:40,49.26030405,-123.00510368
1813136810,209.52.88.110:18334,,20180330 17:51:41,49.26030404,-123.00510362
1813136810,209.52.88.110:18334,,20180330 17:51:42,49.26030425,-123.00510454
1813136810,209.52.88.110:18334,,20180330 17:51:43,49.26030447,-123.00510554
1813136810,209.52.88.110:18334,,20180330 17:51:43,49.2603789,-123.0055086
1813136810,209.52.88.110:18334,,20180330 17:51:44,49.26030479,-123.00510699
1813136810,209.52.88.110:18334,,20180330 17:51:45,49.26030485,-123.00510721
1813136810,209.52.88.110:18334,,20180330 17:51:46,49.26030498,-123.00510783
1813136810,209.52.88.110:18334,,20180330 17:51:47,49.26030504,-123.00510809
1813136810,209.52.88.110:18334,,20180330 17:51:48,49.26030505,-123.00510812
1813136810,209.52.88.110:18334,,20180330 17:51:49,49.26030507,-123.00510819
1813136810,209.52.88.110:18334,,20180330 17:51:50,49.2603051,-123.0051083
1813136810,209.52.88.110:18334,,20180330 17:51:51,49.26030511,-123.00510831
1813136810,209.52.88.110:18334,,20180330 17:51:52,49.26030513,-123.00510837
1813136810,209.52.88.110:18334,,20180330 17:51:53,49.26030509,-123.00510828
1813136810,209.52.88.110:18334,,20180330 17:51:54,49.2603051,-123.00510834
1813136810,209.52.88.110:18334,,20180330 17:51:55,49.26030515,-123.00510846
1813136810,209.52.88.110:18334,,20180330 17:51:56,49.26030516,-123.00510848
1813136810,209.52.88.110:18334,,20180330 17:51:57,49.26030518,-123.0051085
1813136810,209.52.88.110:18334,,20180330 17:51:58,49.26030515,-123.00510843
1813136810,209.52.88.110:18334,,20180330 17:51:59,49.2603052,-123.00510857
1813136810,209.52.88.110:18334,,20180330 17:52:00,49.26030522,-123.00510866
1813136810,209.52.88.110:18334,,20180330 17:52:01,49.26030523,-123.00510866
1813136810,209.52.88.110:18334,,20180330 17:52:02,49.26030525,-123.00510866
1813136810,209.52.88.110:18334,,20180330 17:52:03,49.26030526,-123.00510867
1813136810,209.52.88.110:18334,,20180330 17:52:03,49.2606369,-123.0053152
1813136810,209.52.88.110:18334,,20180330 17:52:04,49.26030528,-123.00510872
1813136810,209.52.88.110:18334,,20180330 17:52:05,49.26030529,-123.0051088
1813136810,209.52.88.110:18334,,20180330 17:52:06,49.26030533,-123.00510892
1813136810,209.52.88.110:18334,,20180330 17:52:07,49.26030535,-123.005109
1813136810,209.52.88.110:18334,,20180330 17:52:08,49.26030536,-123.00510905
1813136810,209.52.88.110:18334,,20180330 17:52:09,49.26030537,-123.00510906
1813136810,209.52.88.110:18334,,20180330 17:52:10,49.26030536,-123.00510903
1813136810,209.52.88.110:18334,,20180330 17:52:11,49.26030538,-123.00510912
1813136810,209.52.88.110:18334,,20180330 17:52:12,49.26030539,-123.00510916
1813136810,209.52.88.110:18334,,20180330 17:52:13,49.26030537,-123.00510912
1813136810,209.52.88.110:18334,,20180330 17:52:14,49.26030537,-123.00510915
1813136810,209.52.88.110:18334,,20180330 17:52:15,49.26030537,-123.00510915
1813136810,209.52.88.110:18334,,20180330 17:52:16,49.26030537,-123.00510914
1813136810,209.52.88.110:18334,,20180330 17:52:17,49.26030536,-123.00510913
1813136810,209.52.88.110:18334,,20180330 17:52:18,49.26030536,-123.00510914
1813136810,209.52.88.110:18334,,20180330 17:52:19,49.26030536,-123.00510915
1813136810,209.52.88.110:18334,,20180330 17:52:20,49.26030537,-123.00510916
1813136810,209.52.88.110:18334,,20180330 17:52:21,49.26030537,-123.00510918
1813136810,209.52.88.110:18334,,20180330 17:52:22,49.26030539,-123.00510922
1813136810,209.52.88.110:18334,,20180330 17:52:23,49.26030538,-123.00510919
1813136810,209.52.88.110:18334,,20180330 17:52:23,49.2605633,-123.0053163
1813136810,209.52.88.110:18334,,20180330 17:52:24,49.26030538,-123.00510918
1813136810,209.52.88.110:18334,,20180330 17:52:25,49.2603054,-123.00510926
1813136810,209.52.88.110:18334,,20180330 17:52:26,49.26030542,-123.00510929
1813136810,209.52.88.110:18334,,20180330 17:52:27,49.26030549,-123.00510952
1813136810,209.52.88.110:18334,,20180330 17:52:28,49.26030551,-123.00510959
1813136810,209.52.88.110:18334,,20180330 17:52:29,49.26030554,-123.00510967
1813136810,209.52.88.110:18334,,20180330 17:52:30,49.26030556,-123.00510974
1813136810,209.52.88.110:18334,,20180330 17:52:31,49.26030559,-123.0051098
1813136810,209.52.88.110:18334,,20180330 17:52:32,49.26030559,-123.0051098
1813136810,209.52.88.110:18334,,20180330 17:52:33,49.2603056,-123.00510982
1813136810,209.52.88.110:18334,,20180330 17:52:34,49.26030561,-123.00510985
1813136810,209.52.88.110:18334,,20180330 17:52:35,49.26030571,-123.0051101
1813136810,209.52.88.110:18334,,20180330 17:52:36,49.2603058,-123.00511031
1813136810,209.52.88.110:18334,,20180330 17:52:37,49.26030595,-123.00511066
1813136810,209.52.88.110:18334,,20180330 17:52:38,49.26030601,-123.00511081
1813136810,209.52.88.110:18334,,20180330 17:52:39,49.26030608,-123.00511099
1813136810,209.52.88.110:18334,,20180330 17:52:40,49.26030617,-123.00511122
1813136810,209.52.88.110:18334,,20180330 17:52:41,49.26030629,-123.00511149
1813136810,209.52.88.110:18334,,20180330 17:52:42,49.2603064,-123.00511178
1813136810,209.52.88.110:18334,,20180330 17:52:43,49.26030648,-123.00511199
1813136810,209.52.88.110:18334,,20180330 17:52:43,49.2605919,-123.0052799
1813136810,209.52.88.110:18334,,20180330 17:52:44,49.26032496,-123.0051945
1813136810,209.52.88.110:18334,,20180330 17:52:45,49.26033143,-123.00522348
1813136810,209.52.88.110:18334,,20180330 17:52:46,49.26033362,-123.00523334
1813136810,209.52.88.110:18334,,20180330 17:52:47,49.26033657,-123.0052467
1813136810,209.52.88.110:18334,,20180330 17:52:48,49.26033682,-123.00524782
1813136810,209.52.88.110:18334,,20180330 17:52:49,49.2603373,-123.00524998
1813136810,209.52.88.110:18334,,20180330 17:52:50,49.26033713,-123.00524928
1813136810,209.52.88.110:18334,,20180330 17:52:51,49.26033788,-123.00525261
1813136810,209.52.88.110:18334,,20180330 17:52:52,49.26033906,-123.00525789
1813136810,209.52.88.110:18334,,20180330 17:52:53,49.26033981,-123.00526121
1813136810,209.52.88.110:18334,,20180330 17:52:54,49.26034036,-123.00526367
1813136810,209.52.88.110:18334,,20180330 17:52:55,49.26034086,-123.00526589
1813136810,209.52.88.110:18334,,20180330 17:52:56,49.26034107,-123.00526684
1813136810,209.52.88.110:18334,,20180330 17:52:57,49.26034152,-123.00526885
1813136810,209.52.88.110:18334,,20180330 17:52:58,49.26034179,-123.00527012
1813136810,209.52.88.110:18334,,20180330 17:52:59,49.26034201,-123.00527116
1813136810,209.52.88.110:18334,,20180330 17:53:00,49.26034237,-123.00527275
1813136810,209.52.88.110:18334,,20180330 17:53:01,49.26034255,-123.00527355
1813136810,209.52.88.110:18334,,20180330 17:53:02,49.26034291,-123.00527531
1813136810,209.52.88.110:18334,,20180330 17:53:03,49.26034316,-123.00527639
1813136810,209.52.88.110:18334,,20180330 17:53:03,49.2609442,-123.0056344
1813136810,209.52.88.110:18334,,20180330 17:53:04,49.2603432,-123.00527656
1813136810,209.52.88.110:18334,,20180330 17:53:05,49.26034333,-123.00527715
1813136810,209.52.88.110:18334,,20180330 17:53:06,49.2603435,-123.00527788
1813136810,209.52.88.110:18334,,20180330 17:53:07,49.26034377,-123.00527907
1813136810,209.52.88.110:18334,,20180330 17:53:08,49.260344,-123.00528001
1813136810,209.52.88.110:18334,,20180330 17:53:09,49.26034417,-123.0052807
1813136810,209.52.88.110:18334,,20180330 17:53:10,49.26034435,-123.00528149
1813136810,209.52.88.110:18334,,20180330 17:53:11,49.26034449,-123.00528202
1813136810,209.52.88.110:18334,,20180330 17:53:12,49.26034476,-123.0052832
1813136810,209.52.88.110:18334,,20180330 17:53:13,49.2603449,-123.00528377
1813136810,209.52.88.110:18334,,20180330 17:53:14,49.26034601,-123.00528754
1813136810,209.52.88.110:18334,,20180330 17:53:15,49.26034774,-123.00529343
1813136810,209.52.88.110:18334,,20180330 17:53:16,49.26034919,-123.00529846
1813136810,209.52.88.110:18334,,20180330 17:53:17,49.26035059,-123.00530336
1813136810,209.52.88.110:18334,,20180330 17:53:18,49.26035109,-123.00530525
1813136810,209.52.88.110:18334,,20180330 17:53:19,49.26035102,-123.00530513
1813136810,209.52.88.110:18334,,20180330 17:53:19,49.2608285,-123.0056988
1813136810,209.52.88.110:18334,,20180330 17:53:20,49.26035113,-123.00530552
1813136810,209.52.88.110:18334,,20180330 17:53:21,49.26035111,-123.00530564
1813136810,209.52.88.110:18334,,20180330 17:53:22,49.26035171,-123.0053081
1813136810,209.52.88.110:18334,,20180330 17:53:23,49.26035225,-123.00531035
1813136810,209.52.88.110:18334,,20180330 17:53:24,49.26035265,-123.00531201
1813136810,209.52.88.110:18334,,20180330 17:53:25,49.26035327,-123.00531472
1813136810,209.52.88.110:18334,,20180330 17:53:26,49.26035376,-123.00531679
1813136810,209.52.88.110:18334,,20180330 17:53:27,49.26035422,-123.00531878
1813136810,209.52.88.110:18334,,20180330 17:53:28,49.26035458,-123.00532034
1813136810,209.52.88.110:18334,,20180330 17:53:29,49.26035509,-123.00532256
1813136810,209.52.88.110:18334,,20180330 17:53:30,49.26035554,-123.00532468
1813136810,209.52.88.110:18334,,20180330 17:53:31,49.26035596,-123.00532667
1813136810,209.52.88.110:18334,,20180330 17:53:32,49.26036089,-123.00534928
1813136810,209.52.88.110:18334,,20180330 17:53:33,49.2603652,-123.00536907
1813136810,209.52.88.110:18334,,20180330 17:53:34,49.26036482,-123.00536822
1813136810,209.52.88.110:18334,,20180330 17:53:35,49.26036587,-123.00537358
1813136810,209.52.88.110:18334,,20180330 17:53:36,49.26036793,-123.00538287
1813136810,209.52.88.110:18334,,20180330 17:53:37,49.26036976,-123.00539061
1813136810,209.52.88.110:18334,,20180330 17:53:38,49.26036987,-123.00539211
1813136810,209.52.88.110:18334,,20180330 17:53:39,49.26036955,-123.00539196
1813136810,209.52.88.110:18334,,20180330 17:53:40,49.26037035,-123.00539378
1813136810,209.52.88.110:18334,,20180330 17:53:40,49.2608982,-123.0056204
1813136810,209.52.88.110:18334,,20180330 17:53:41,49.26037099,-123.00539572
1813136810,209.52.88.110:18334,,20180330 17:53:42,49.26037104,-123.00539603
1813136810,209.52.88.110:18334,,20180330 17:53:43,49.2603708,-123.00539547
1813136810,209.52.88.110:18334,,20180330 17:53:44,49.26037092,-123.00539596
1813136810,209.52.88.110:18334,,20180330 17:53:45,49.26037102,-123.00539654
1813136810,209.52.88.110:18334,,20180330 17:53:46,49.26037108,-123.00539685
1813136810,209.52.88.110:18334,,20180330 17:53:47,49.26037115,-123.00539723
1813136810,209.52.88.110:18334,,20180330 17:53:48,49.26037123,-123.00539766
1813136810,209.52.88.110:18334,,20180330 17:53:49,49.26037126,-123.00539791
1813136810,209.52.88.110:18334,,20180330 17:53:50,49.26037138,-123.00539843
1813136810,209.52.88.110:18334,,20180330 17:53:51,49.26037143,-123.00539868
1813136810,209.52.88.110:18334,,20180330 17:53:52,49.26037153,-123.0053992
1813136810,209.52.88.110:18334,,20180330 17:53:53,49.26037166,-123.00539982
1813136810,209.52.88.110:18334,,20180330 17:53:54,49.26037174,-123.00540025
1813136810,209.52.88.110:18334,,20180330 17:53:55,49.26037179,-123.0054005
1813136810,209.52.88.110:18334,,20180330 17:53:56,49.26037186,-123.00540086
1813136810,209.52.88.110:18334,,20180330 17:53:57,49.2603719,-123.00540113
1813136810,209.52.88.110:18334,,20180330 17:53:58,49.26037199,-123.00540161
1813136810,209.52.88.110:18334,,20180330 17:53:59,49.26037208,-123.005402
1813136810,209.52.88.110:18334,,20180330 17:54:00,49.26037215,-123.0054024
1813136810,209.52.88.110:18334,,20180330 17:54:00,49.2610304,-123.005583
1813136810,209.52.88.110:18334,,20180330 17:54:01,49.26037223,-123.0054028
1813136810,209.52.88.110:18334,,20180330 17:54:02,49.26037236,-123.00540341
1813136810,209.52.88.110:18334,,20180330 17:54:03,49.26037246,-123.00540387
1813136810,209.52.88.110:18334,,20180330 17:54:04,49.26037255,-123.00540437
1813136810,209.52.88.110:18334,,20180330 17:54:05,49.26037259,-123.00540461
1813136810,209.52.88.110:18334,,20180330 17:54:06,49.2603726,-123.00540473
1813136810,209.52.88.110:18334,,20180330 17:54:07,49.26037263,-123.00540503
1813136810,209.52.88.110:18334,,20180330 17:54:08,49.26037271,-123.00540542
1813136810,209.52.88.110:18334,,20180330 17:54:09,49.26037283,-123.005406
1813136810,209.52.88.110:18334,,20180330 17:54:10,49.26037295,-123.00540664
1813136810,209.52.88.110:18334,,20180330 17:54:11,49.260373,-123.005407
1813136810,209.52.88.110:18334,,20180330 17:54:12,49.26037313,-123.00540762
1813136810,209.52.88.110:18334,,20180330 17:54:13,49.26037326,-123.0054083
1813136810,209.52.88.110:18334,,20180330 17:54:14,49.26037335,-123.00540871
1813136810,209.52.88.110:18334,,20180330 17:54:15,49.26037346,-123.00540913
1813136810,209.52.88.110:18334,,20180330 17:54:16,49.26037348,-123.00540927
1813136810,209.52.88.110:18334,,20180330 17:54:17,49.26037358,-123.00540983
1813136810,209.52.88.110:18334,,20180330 17:54:18,49.26037364,-123.00541006
1813136810,209.52.88.110:18334,,20180330 17:54:19,49.26037371,-123.00541049
1813136810,209.52.88.110:18334,,20180330 17:54:20,49.26037375,-123.00541074
1813136810,209.52.88.110:18334,,20180330 17:54:20,49.260949,-123.0056345
1813136810,209.52.88.110:18334,,20180330 17:54:21,49.26037379,-123.00541091
1813136810,209.52.88.110:18334,,20180330 17:54:22,49.26037386,-123.0054113
1813136810,209.52.88.110:18334,,20180330 17:54:23,49.26037394,-123.00541166
1813136810,209.52.88.110:18334,,20180330 17:54:24,49.26037403,-123.00541219
1813136810,209.52.88.110:18334,,20180330 17:54:25,49.26037411,-123.0054126
1813136810,209.52.88.110:18334,,20180330 17:54:26,49.26037417,-123.00541297
1813136810,209.52.88.110:18334,,20180330 17:54:27,49.26037421,-123.00541322
1813136810,209.52.88.110:18334,,20180330 17:54:28,49.2603743,-123.0054137
1813136810,209.52.88.110:18334,,20180330 17:54:29,49.26037443,-123.00541431
1813136810,209.52.88.110:18334,,20180330 17:54:30,49.26037454,-123.00541499
1813136810,209.52.88.110:18334,,20180330 17:54:31,49.26037461,-123.00541529
1813136810,209.52.88.110:18334,,20180330 17:54:32,49.26037471,-123.0054158
1813136810,209.52.88.110:18334,,20180330 17:54:33,49.26037478,-123.00541619
1813136810,209.52.88.110:18334,,20180330 17:54:34,49.26037486,-123.00541665
1813136810,209.52.88.110:18334,,20180330 17:54:35,49.26037493,-123.00541708
1813136810,209.52.88.110:18334,,20180330 17:54:36,49.26037497,-123.00541724
1813136810,209.52.88.110:18334,,20180330 17:54:37,49.260375,-123.00541742
1813136810,209.52.88.110:18334,,20180330 17:54:38,49.26037507,-123.00541778
1813136810,209.52.88.110:18334,,20180330 17:54:39,49.26037507,-123.00541777
1813136810,209.52.88.110:18334,,20180330 17:54:40,49.26037515,-123.00541812
1813136810,209.52.88.110:18334,,20180330 17:54:40,49.2603729,-123.0055032
1813136810,209.52.88.110:18334,,20180330 17:54:41,49.26037515,-123.00541812
1813136810,209.52.88.110:18334,,20180330 17:54:42,49.26037523,-123.00541852
1813136810,209.52.88.110:18334,,20180330 17:54:43,49.26037533,-123.00541891
1813136810,209.52.88.110:18334,,20180330 17:54:44,49.26037543,-123.00541936
1813136810,209.52.88.110:18334,,20180330 17:54:45,49.26037548,-123.00541951
1813136810,209.52.88.110:18334,,20180330 17:54:46,49.26037556,-123.0054198
1813136810,209.52.88.110:18334,,20180330 17:54:47,49.26037563,-123.0054201
1813136810,209.52.88.110:18334,,20180330 17:54:48,49.26037571,-123.00542049
1813136810,209.52.88.110:18334,,20180330 17:54:49,49.26037581,-123.005421
1813136810,209.52.88.110:18334,,20180330 17:54:50,49.26037591,-123.00542146
1813136810,209.52.88.110:18334,,20180330 17:54:51,49.26037595,-123.0054217
1813136810,209.52.88.110:18334,,20180330 17:54:52,49.26037598,-123.00542184
1813136810,209.52.88.110:18334,,20180330 17:54:53,49.26037606,-123.00542219
1813136810,209.52.88.110:18334,,20180330 17:54:54,49.26037612,-123.00542243
1813136810,209.52.88.110:18334,,20180330 17:54:55,49.26037622,-123.00542286
1813136810,209.52.88.110:18334,,20180330 17:54:56,49.26037624,-123.00542296
1813136810,209.52.88.110:18334,,20180330 17:54:57,49.26037625,-123.00542298
1813136810,209.52.88.110:18334,,20180330 17:54:58,49.26037626,-123.00542308
1813136810,209.52.88.110:18334,,20180330 17:54:59,49.26037627,-123.00542313
1813136810,209.52.88.110:18334,,20180330 17:55:00,49.26037628,-123.00542317
1813136810,209.52.88.110:18334,,20180330 17:55:01,49.26037627,-123.00542314
1813136810,209.52.88.110:18334,,20180330 17:55:01,49.2603264,-123.0056335
1813136810,209.52.88.110:18334,,20180330 17:55:02,49.26037627,-123.00542316
1813136810,209.52.88.110:18334,,20180330 17:55:03,49.26037627,-123.0054232
1813136810,209.52.88.110:18334,,20180330 17:55:04,49.26037629,-123.0054233
1813136810,209.52.88.110:18334,,20180330 17:55:05,49.26037629,-123.00542328
1813136810,209.52.88.110:18334,,20180330 17:55:06,49.26037629,-123.00542333
1813136810,209.52.88.110:18334,,20180330 17:55:07,49.26037629,-123.00542332
1813136810,209.52.88.110:18334,,20180330 17:55:08,49.26037629,-123.00542332
1813136810,209.52.88.110:18334,,20180330 17:55:09,49.26037629,-123.00542331
1813136810,209.52.88.110:18334,,20180330 17:55:10,49.26037629,-123.00542333
1813136810,209.52.88.110:18334,,20180330 17:55:11,49.26037631,-123.00542339
1813136810,209.52.88.110:18334,,20180330 17:55:12,49.26037633,-123.00542355
1813136810,209.52.88.110:18334,,20180330 17:55:13,49.26037632,-123.00542357
1813136810,209.52.88.110:18334,,20180330 17:55:14,49.26037634,-123.00542364
1813136810,209.52.88.110:18334,,20180330 17:55:15,49.26037634,-123.00542364
1813136810,209.52.88.110:18334,,20180330 17:55:16,49.26037634,-123.00542364
1813136810,209.52.88.110:18334,,20180330 17:55:17,49.26037634,-123.00542368
1813136810,209.52.88.110:18334,,20180330 17:55:18,49.26037637,-123.00542381
1813136810,209.52.88.110:18334,,20180330 17:55:19,49.26037643,-123.0054241
1813136810,209.52.88.110:18334,,20180330 17:55:20,49.26037646,-123.0054242
1813136810,209.52.88.110:18334,,20180330 17:55:20,49.2629539,-123.0083073
1813136810,209.52.88.110:18334,,20180330 17:55:21,49.26041225,-123.00543241
1813136810,209.52.88.110:18334,,20180330 17:55:22,49.2605565,-123.00576168
1813136810,209.52.88.110:18334,,20180330 17:55:23,49.26062697,-123.00579658
1813136810,209.52.88.110:18334,,20180330 17:55:24,49.26081933,-123.00570183
1813136810,209.52.88.110:18334,,20180330 17:55:25,49.26083525,-123.00557809
1813136810,209.52.88.110:18334,,20180330 17:55:26,49.26083431,-123.00546854
1813136810,209.52.88.110:18334,,20180330 17:55:27,49.26072018,-123.00534451
1813136810,209.52.88.110:18334,,20180330 17:55:28,49.26074912,-123.00525817
1813136810,209.52.88.110:18334,,20180330 17:55:29,49.26074915,-123.00514586
1813136810,209.52.88.110:18334,,20180330 17:55:30,49.26070827,-123.00497953
1813136810,209.52.88.110:18334,,20180330 17:55:31,49.26067131,-123.00486972
1813136810,209.52.88.110:18334,,20180330 17:55:32,49.26072789,-123.00474218
1813136810,209.52.88.110:18334,,20180330 17:55:33,49.26069698,-123.00460162
1813136810,209.52.88.110:18334,,20180330 17:55:34,49.26066402,-123.00450309
1813136810,209.52.88.110:18334,,20180330 17:55:35,49.26066604,-123.00439302
1813136810,209.52.88.110:18334,,20180330 17:55:36,49.2606104,-123.00429423
1813136810,209.52.88.110:18334,,20180330 17:55:37,49.26047855,-123.00435158
1813136810,209.52.88.110:18334,,20180330 17:55:38,49.26041455,-123.00433521
1813136810,209.52.88.110:18334,,20180330 17:55:38,49.263703,-123.0090836
1813136810,209.52.88.110:18334,,20180330 17:55:39,49.26036081,-123.00427807
1813136810,209.52.88.110:18334,,20180330 17:55:40,49.26029212,-123.00420954
1813136810,209.52.88.110:18334,,20180330 17:55:41,49.26011379,-123.00424344
1813136810,209.52.88.110:18334,,20180330 17:55:42,49.26006362,-123.00419753
1813136810,209.52.88.110:18334,,20180330 17:55:43,49.25994451,-123.00419021
1813136810,209.52.88.110:18334,,20180330 17:55:44,49.25986406,-123.00417459
1813136810,209.52.88.110:18334,,20180330 17:55:45,49.25977809,-123.00419474
1813136810,209.52.88.110:18334,,20180330 17:55:46,49.25970389,-123.00419977
1813136810,209.52.88.110:18334,,20180330 17:55:47,49.25960012,-123.00419882
1813136810,209.52.88.110:18334,,20180330 17:55:48,49.25952485,-123.00419621
1813136810,209.52.88.110:18334,,20180330 17:55:48,49.2672267,-123.0081022
1813136810,209.52.88.110:18334,,20180330 17:55:49,49.2594524,-123.00419004
1813136810,209.52.88.110:18334,,20180330 17:55:50,49.25947944,-123.0041634
1813136810,209.52.88.110:18334,,20180330 17:55:51,49.25943427,-123.00417048
1813136810,209.52.88.110:18334,,20180330 17:55:52,49.25939507,-123.00417539
1813136810,209.52.88.110:18334,,20180330 17:55:53,49.25938093,-123.0041832
1813136810,209.52.88.110:18334,,20180330 17:55:54,49.25936449,-123.00419257
1813136810,209.52.88.110:18334,,20180330 17:55:55,49.25937475,-123.00418725
1813136810,209.52.88.110:18334,,20180330 17:55:56,49.2593748,-123.00417679
1813136810,209.52.88.110:18334,,20180330 17:55:57,49.25935192,-123.00416393
1813136810,209.52.88.110:18334,,20180330 17:55:58,49.25934704,-123.00415452
1813136810,209.52.88.110:18334,,20180330 17:55:59,49.25938453,-123.00414871
1813136810,209.52.88.110:18334,,20180330 17:56:00,49.25937808,-123.00414365
1813136810,209.52.88.110:18334,,20180330 17:56:01,49.25938719,-123.0041262
1813136810,209.52.88.110:18334,,20180330 17:56:02,49.25937057,-123.00414522
1813136810,209.52.88.110:18334,,20180330 17:56:03,49.25934742,-123.00416987
1813136810,209.52.88.110:18334,,20180330 17:56:04,49.25934775,-123.0041608
1813136810,209.52.88.110:18334,,20180330 17:56:05,49.2593406,-123.00415965
1813136810,209.52.88.110:18334,,20180330 17:56:06,49.25934191,-123.00416204
1813136810,209.52.88.110:18334,,20180330 17:56:07,49.25932652,-123.00416203
1813136810,209.52.88.110:18334,,20180330 17:56:07,49.2672267,-123.0081022
1813136810,209.52.88.110:18334,,20180330 17:56:08,49.25932117,-123.00416611
1813136810,209.52.88.110:18334,,20180330 17:56:09,49.25932521,-123.00416026
1813136810,209.52.88.110:18334,,20180330 17:56:10,49.25929418,-123.00415519
1813136810,209.52.88.110:18334,,20180330 17:56:11,49.25927868,-123.00416199
1813136810,209.52.88.110:18334,,20180330 17:56:12,49.25929351,-123.00415147
1813136810,209.52.88.110:18334,,20180330 17:56:13,49.25928601,-123.00414817
1813136810,209.52.88.110:18334,,20180330 17:56:14,49.259292,-123.00414499
1813136810,209.52.88.110:18334,,20180330 17:56:15,49.25929119,-123.00414668
1813136810,209.52.88.110:18334,,20180330 17:56:16,49.2592969,-123.00414433
1813136810,209.52.88.110:18334,,20180330 17:56:17,49.25930486,-123.00414095
1813136810,209.52.88.110:18334,,20180330 17:56:18,49.2593164,-123.00413907
1813136810,209.52.88.110:18334,,20180330 17:56:19,49.25931418,-123.00414069
1813136810,209.52.88.110:18334,,20180330 17:56:20,49.25931622,-123.00413856
1813136810,209.52.88.110:18334,,20180330 17:56:21,49.25931548,-123.00414122
1813136810,209.52.88.110:18334,,20180330 17:56:22,49.25931234,-123.0041415
1813136810,209.52.88.110:18334,,20180330 17:56:22,49.2676515,-123.0065624
1813136810,209.52.88.110:18334,,20180330 17:56:23,49.25931536,-123.00414308
1813136810,209.52.88.110:18334,,20180330 17:56:24,49.25931751,-123.00414285
1813136810,209.52.88.110:18334,,20180330 17:56:25,49.25930712,-123.00414166
1813136810,209.52.88.110:18334,,20180330 17:56:26,49.25930978,-123.00414206
1813136810,209.52.88.110:18334,,20180330 17:56:27,49.25930897,-123.00414194
1813136810,209.52.88.110:18334,,20180330 17:56:28,49.25918986,-123.00414308
1813136810,209.52.88.110:18334,,20180330 17:56:29,49.25913383,-123.0041537
1813136810,209.52.88.110:18334,,20180330 17:56:30,49.25904914,-123.00415262
1813136810,209.52.88.110:18334,,20180330 17:56:31,49.25891529,-123.00415974
1813136810,209.52.88.110:18334,,20180330 17:56:32,49.2588872,-123.0041571
1813136810,209.52.88.110:18334,,20180330 17:56:33,49.2587709,-123.00415158
1813136810,209.52.88.110:18334,,20180330 17:56:34,49.25866194,-123.0041526
1813136810,209.52.88.110:18334,,20180330 17:56:35,49.25852849,-123.00415432
1813136810,209.52.88.110:18334,,20180330 17:56:36,49.25838025,-123.0041605
1813136810,209.52.88.110:18334,,20180330 17:56:36,49.2676515,-123.0065624
1813136810,209.52.88.110:18334,,20180330 17:56:37,49.25825043,-123.00416198
1813136810,209.52.88.110:18334,,20180330 17:56:38,49.25811819,-123.00416706
1813136810,209.52.88.110:18334,,20180330 17:56:39,49.25800292,-123.00417461
1813136810,209.52.88.110:18334,,20180330 17:56:40,49.25789877,-123.00418143
1813136810,209.52.88.110:18334,,20180330 17:56:41,49.25777568,-123.00418658
1813136810,209.52.88.110:18334,,20180330 17:56:42,49.25760151,-123.00416917
1813136810,209.52.88.110:18334,,20180330 17:56:43,49.25744696,-123.00420746
1813136810,209.52.88.110:18334,,20180330 17:56:44,49.2573651,-123.00421278
1813136810,209.52.88.110:18334,,20180330 17:56:45,49.25726185,-123.00422418
1813136810,209.52.88.110:18334,,20180330 17:56:46,49.25720494,-123.00423575
1813136810,209.52.88.110:18334,,20180330 17:56:47,49.25708265,-123.00424866
1813136810,209.52.88.110:18334,,20180330 17:56:48,49.25692493,-123.00424876
1813136810,209.52.88.110:18334,,20180330 17:56:49,49.25681815,-123.00424923
1813136810,209.52.88.110:18334,,20180330 17:56:50,49.25666049,-123.00425079
1813136810,209.52.88.110:18334,,20180330 17:56:51,49.25650856,-123.00425466
1813136810,209.52.88.110:18334,,20180330 17:56:51,49.2560028,-123.0053959
1813136810,209.52.88.110:18334,,20180330 17:56:52,49.25639554,-123.00429956
1813136810,209.52.88.110:18334,,20180330 17:56:53,49.25627055,-123.00432751
1813136810,209.52.88.110:18334,,20180330 17:56:54,49.25614135,-123.00435365
1813136810,209.52.88.110:18334,,20180330 17:56:55,49.25606463,-123.00434491
1813136810,209.52.88.110:18334,,20180330 17:56:56,49.25598412,-123.00430786
1813136810,209.52.88.110:18334,,20180330 17:56:57,49.25588107,-123.00431506
1813136810,209.52.88.110:18334,,20180330 17:56:58,49.25578489,-123.00431299
1813136810,209.52.88.110:18334,,20180330 17:56:59,49.25570057,-123.00432036
1813136810,209.52.88.110:18334,,20180330 17:57:00,49.25563628,-123.00432526
1813136810,209.52.88.110:18334,,20180330 17:57:01,49.25554631,-123.00436284
1813136810,209.52.88.110:18334,,20180330 17:57:02,49.25548611,-123.00437655
1813136810,209.52.88.110:18334,,20180330 17:57:03,49.25545508,-123.00436915
1813136810,209.52.88.110:18334,,20180330 17:57:04,49.25540977,-123.00437237
1813136810,209.52.88.110:18334,,20180330 17:57:05,49.25537127,-123.00437928
1813136810,209.52.88.110:18334,,20180330 17:57:06,49.25531097,-123.00436796
1813136810,209.52.88.110:18334,,20180330 17:57:07,49.25528216,-123.00435606
1813136810,209.52.88.110:18334,,20180330 17:57:08,49.2552616,-123.00434925
1813136810,209.52.88.110:18334,,20180330 17:57:09,49.25524652,-123.0043466
1813136810,209.52.88.110:18334,,20180330 17:57:10,49.2552287,-123.00434493
1813136810,209.52.88.110:18334,,20180330 17:57:11,49.25522014,-123.00435212
1813136810,209.52.88.110:18334,,20180330 17:57:12,49.25519451,-123.00435939
1813136810,209.52.88.110:18334,,20180330 17:57:12,49.2560028,-123.0053959
1813136810,209.52.88.110:18334,,20180330 17:57:13,49.25519282,-123.00434761
1813136810,209.52.88.110:18334,,20180330 17:57:14,49.25520959,-123.00433717
1813136810,209.52.88.110:18334,,20180330 17:57:15,49.25518548,-123.00433748
1813136810,209.52.88.110:18334,,20180330 17:57:16,49.2551837,-123.00432876
1813136810,209.52.88.110:18334,,20180330 17:57:17,49.25518311,-123.00432215
1813136810,209.52.88.110:18334,,20180330 17:57:18,49.25519645,-123.00431538
1813136810,209.52.88.110:18334,,20180330 17:57:19,49.25519491,-123.00432094
1813136810,209.52.88.110:18334,,20180330 17:57:20,49.25520145,-123.00431738
1813136810,209.52.88.110:18334,,20180330 17:57:21,49.25520343,-123.00432014
1813136810,209.52.88.110:18334,,20180330 17:57:22,49.25520165,-123.00432647
1813136810,209.52.88.110:18334,,20180330 17:57:23,49.25519211,-123.00432927
1813136810,209.52.88.110:18334,,20180330 17:57:24,49.25518539,-123.00432832
1813136810,209.52.88.110:18334,,20180330 17:57:25,49.25517843,-123.00433502
1813136810,209.52.88.110:18334,,20180330 17:57:26,49.25517552,-123.00433634
1813136810,209.52.88.110:18334,,20180330 17:57:27,49.25517531,-123.00433699
1813136810,209.52.88.110:18334,,20180330 17:57:28,49.25517704,-123.00433697
1813136810,209.52.88.110:18334,,20180330 17:57:29,49.25517676,-123.00433624
1813136810,209.52.88.110:18334,,20180330 17:57:30,49.25517635,-123.00433593
1813136810,209.52.88.110:18334,,20180330 17:57:31,49.25517579,-123.00433557
1813136810,209.52.88.110:18334,,20180330 17:57:31,49.2551198,-123.0046138
1813136810,209.52.88.110:18334,,20180330 17:57:32,49.25517578,-123.00433557
1813136810,209.52.88.110:18334,,20180330 17:57:33,49.25517552,-123.00433594
1813136810,209.52.88.110:18334,,20180330 17:57:34,49.2551754,-123.00433612
1813136810,209.52.88.110:18334,,20180330 17:57:35,49.25517545,-123.0043361
1813136810,209.52.88.110:18334,,20180330 17:57:36,49.25517527,-123.00433667
1813136810,209.52.88.110:18334,,20180330 17:57:37,49.25517487,-123.0043372
1813136810,209.52.88.110:18334,,20180330 17:57:38,49.25517514,-123.00433695
1813136810,209.52.88.110:18334,,20180330 17:57:39,49.2551743,-123.004338
1813136810,209.52.88.110:18334,,20180330 17:57:40,49.2551743,-123.00433799
1813136810,209.52.88.110:18334,,20180330 17:57:41,49.25505433,-123.00434353
1813136810,209.52.88.110:18334,,20180330 17:57:42,49.25497905,-123.00432611
1813136810,209.52.88.110:18334,,20180330 17:57:43,49.25487449,-123.00433023
1813136810,209.52.88.110:18334,,20180330 17:57:44,49.25480403,-123.00431461
1813136810,209.52.88.110:18334,,20180330 17:57:45,49.25472788,-123.00429121
1813136810,209.52.88.110:18334,,20180330 17:57:46,49.25465373,-123.00424718
1813136810,209.52.88.110:18334,,20180330 17:57:47,49.25459495,-123.00418549
1813136810,209.52.88.110:18334,,20180330 17:57:48,49.25453779,-123.00411013
1813136810,209.52.88.110:18334,,20180330 17:57:49,49.25449269,-123.00394441
1813136810,209.52.88.110:18334,,20180330 17:57:50,49.2545406,-123.00375325
1813136810,209.52.88.110:18334,,20180330 17:57:51,49.25452034,-123.00364425
1813136810,209.52.88.110:18334,,20180330 17:57:52,49.25449264,-123.0034706
1813136810,209.52.88.110:18334,,20180330 17:57:53,49.25446903,-123.00332045
1813136810,209.52.88.110:18334,,20180330 17:57:53,49.2551198,-123.0046138
1813136810,209.52.88.110:18334,,20180330 17:57:54,49.25444139,-123.00313673
1813136810,209.52.88.110:18334,,20180330 17:57:55,49.25442106,-123.00297996
1813136810,209.52.88.110:18334,,20180330 17:57:56,49.25439661,-123.00279066
1813136810,209.52.88.110:18334,,20180330 17:57:57,49.25436692,-123.0026236
1813136810,209.52.88.110:18334,,20180330 17:57:58,49.2544374,-123.0024116
1813136810,209.52.88.110:18334,,20180330 17:57:59,49.25441299,-123.00222459
1813136810,209.52.88.110:18334,,20180330 17:58:00,49.25444621,-123.00203294
1813136810,209.52.88.110:18334,,20180330 17:58:01,49.25434598,-123.00187224
1813136810,209.52.88.110:18334,,20180330 17:58:02,49.25440701,-123.00170195
1813136810,209.52.88.110:18334,,20180330 17:58:03,49.25442472,-123.00152298
1813136810,209.52.88.110:18334,,20180330 17:58:04,49.25435149,-123.0013656
1813136810,209.52.88.110:18334,,20180330 17:58:05,49.2543922,-123.00118299
1813136810,209.52.88.110:18334,,20180330 17:58:06,49.25444733,-123.00099223
1813136810,209.52.88.110:18334,,20180330 17:58:07,49.25439976,-123.00085091
1813136810,209.52.88.110:18334,,20180330 17:58:08,49.25434174,-123.00063555
1813136810,209.52.88.110:18334,,20180330 17:58:09,49.25440165,-123.00043041
1813136810,209.52.88.110:18334,,20180330 17:58:10,49.25440811,-123.00024625
1813136810,209.52.88.110:18334,,20180330 17:58:11,49.25452197,-122.99998596
1813136810,209.52.88.110:18334,,20180330 17:58:12,49.25448241,-122.9998144
1813136810,209.52.88.110:18334,,20180330 17:58:12,49.2524634,-123.0006365
1813136810,209.52.88.110:18334,,20180330 17:58:13,49.2544832,-122.99961032
1813136810,209.52.88.110:18334,,20180330 17:58:32,49.2525955,-122.9958036
1813136810,209.52.88.110:18334,,20180330 17:58:43,49.2546037,-122.9943236
1813136810,209.52.88.110:18334,,20180330 17:59:03,49.2543468,-122.9939039
1813136810,209.52.88.110:18334,,20180330 17:59:24,49.2543468,-122.9939039
1813136810,209.52.88.110:18334,,20180330 17:59:45,49.2492215,-122.9984147
1813136810,209.52.88.110:18334,,20180330 18:00:04,49.2492215,-122.9984147
1813136810,209.52.88.110:18334,,20180330 18:00:24,49.2492215,-122.9984147
1813136810,209.52.88.110:18334,,20180330 18:00:43,49.2481043,-122.9976167
1813136810,209.52.88.110:18334,,20180330 18:01:03,49.2485969,-122.9989681
1813136810,209.52.88.110:18334,,20180330 18:01:23,49.2486004,-122.9990171
1813136810,209.52.88.110:18334,,20180330 18:01:38,49.2486482,-122.9997812
1813136810,209.52.88.110:18334,,20180330 18:01:39,49.24860402,-122.99978226
1813136810,209.52.88.110:18334,,20180330 18:01:40,49.24860372,-122.9997602
1813136810,209.52.88.110:18334,,20180330 18:01:41,49.24861011,-122.99974789
1813136810,209.52.88.110:18334,,20180330 18:01:42,49.2486202,-122.99976154
1813136810,209.52.88.110:18334,,20180330 18:01:43,49.24862054,-122.99975719
1813136810,209.52.88.110:18334,,20180330 18:01:43,49.248632,-122.9990315
1813136810,209.52.88.110:18334,,20180330 18:01:44,49.24862191,-122.99975823
1813136810,209.52.88.110:18334,,20180330 18:01:45,49.24862426,-122.99976229
1813136810,209.52.88.110:18334,,20180330 18:01:46,49.24862205,-122.99976336
1813136810,209.52.88.110:18334,,20180330 18:01:47,49.24862947,-122.99977247
1813136810,209.52.88.110:18334,,20180330 18:01:48,49.24863346,-122.99977864
1813136810,209.52.88.110:18334,,20180330 18:01:49,49.24865985,-122.99980684
1813136810,209.52.88.110:18334,,20180330 18:01:50,49.24868137,-122.99980464
1813136810,209.52.88.110:18334,,20180330 18:01:51,49.24866459,-122.99982351
1813136810,209.52.88.110:18334,,20180330 18:01:52,49.24867269,-122.99982462
1813136810,209.52.88.110:18334,,20180330 18:01:53,49.24868571,-122.99981055
1813136810,209.52.88.110:18334,,20180330 18:01:54,49.24869308,-122.99984153
1813136810,209.52.88.110:18334,,20180330 18:01:55,49.24870864,-122.99982864
1813136810,209.52.88.110:18334,,20180330 18:01:56,49.24872357,-122.99984576
1813136810,209.52.88.110:18334,,20180330 18:01:57,49.24873015,-122.99981951
1813136810,209.52.88.110:18334,,20180330 18:01:58,49.24874868,-122.99984553
1813136810,209.52.88.110:18334,,20180330 18:01:59,49.24874742,-122.99986206
1813136810,209.52.88.110:18334,,20180330 18:02:00,49.24875551,-122.99986951
1813136810,209.52.88.110:18334,,20180330 18:02:01,49.24876762,-122.99988591
1813136810,209.52.88.110:18334,,20180330 18:02:02,49.24878575,-122.9998932
1813136810,209.52.88.110:18334,,20180330 18:02:03,49.24879603,-122.99990773
1813136810,209.52.88.110:18334,,20180330 18:02:03,49.248913,-122.9995701
1813136810,209.52.88.110:18334,,20180330 18:02:04,49.24882332,-122.99989806
1813136810,209.52.88.110:18334,,20180330 18:02:05,49.24883627,-122.999914
1813136810,209.52.88.110:18334,,20180330 18:02:06,49.24885206,-122.99993253
1813136810,209.52.88.110:18334,,20180330 18:02:07,49.2488551,-122.9999321
1813136810,209.52.88.110:18334,,20180330 18:02:08,49.2488607,-122.99992686
1813136810,209.52.88.110:18334,,20180330 18:02:09,49.24887422,-122.99994175
1813136810,209.52.88.110:18334,,20180330 18:02:10,49.24888581,-122.99995183
1813136810,209.52.88.110:18334,,20180330 18:02:11,49.24890093,-122.99996663
1813136810,209.52.88.110:18334,,20180330 18:02:12,49.24890568,-122.99998163
1813136810,209.52.88.110:18334,,20180330 18:02:13,49.24891339,-122.99997953
1813136810,209.52.88.110:18334,,20180330 18:02:14,49.24891816,-123.00000205
1813136810,209.52.88.110:18334,,20180330 18:02:15,49.24893355,-123.00004128
1813136810,209.52.88.110:18334,,20180330 18:02:16,49.24897723,-122.99999122
1813136810,209.52.88.110:18334,,20180330 18:02:17,49.24897914,-122.99999844
1813136810,209.52.88.110:18334,,20180330 18:02:18,49.24896778,-123.00000404
1813136810,209.52.88.110:18334,,20180330 18:02:19,49.24901487,-122.99996421
1813136810,209.52.88.110:18334,,20180330 18:02:20,49.2489693,-123.00002529
1813136810,209.52.88.110:18334,,20180330 18:02:21,49.24893736,-123.00007226
1813136810,209.52.88.110:18334,,20180330 18:02:22,49.24893955,-123.00008893
1813136810,209.52.88.110:18334,,20180330 18:02:23,49.2489329,-123.00010882
1813136810,209.52.88.110:18334,,20180330 18:02:23,49.2489096,-122.9999179
1813136810,209.52.88.110:18334,,20180330 18:02:24,49.24894095,-123.00013016
1813136810,209.52.88.110:18334,,20180330 18:02:25,49.24894712,-123.00015046
1813136810,209.52.88.110:18334,,20180330 18:02:26,49.24895887,-123.00014528
1813136810,209.52.88.110:18334,,20180330 18:02:27,49.24896581,-123.00016583
1813136810,209.52.88.110:18334,,20180330 18:02:28,49.24897083,-123.00019088
1813136810,209.52.88.110:18334,,20180330 18:02:29,49.24898307,-123.00019623
1813136810,209.52.88.110:18334,,20180330 18:02:30,49.24898613,-123.00019185
1813136810,209.52.88.110:18334,,20180330 18:02:31,49.24900377,-123.00020479
1813136810,209.52.88.110:18334,,20180330 18:02:32,49.24900717,-123.00021265
1813136810,209.52.88.110:18334,,20180330 18:02:33,49.24903422,-123.00020297
1813136810,209.52.88.110:18334,,20180330 18:02:34,49.24905826,-123.00018421
1813136810,209.52.88.110:18334,,20180330 18:02:35,49.24907784,-123.00019764
1813136810,209.52.88.110:18334,,20180330 18:02:36,49.24907626,-123.00019862
1813136810,209.52.88.110:18334,,20180330 18:02:37,49.24909668,-123.0001943
1813136810,209.52.88.110:18334,,20180330 18:02:38,49.24911401,-123.00021511
1813136810,209.52.88.110:18334,,20180330 18:02:39,49.24912403,-123.00021741
1813136810,209.52.88.110:18334,,20180330 18:02:40,49.2491235,-123.00022415
1813136810,209.52.88.110:18334,,20180330 18:02:41,49.24912164,-123.00024056
1813136810,209.52.88.110:18334,,20180330 18:02:42,49.2491319,-123.00026496
1813136810,209.52.88.110:18334,,20180330 18:02:43,49.2491413,-123.00026905
1813136810,209.52.88.110:18334,,20180330 18:02:43,49.2490477,-123.0000043
1813136810,209.52.88.110:18334,,20180330 18:02:44,49.24914905,-123.00028347
1813136810,209.52.88.110:18334,,20180330 18:02:45,49.24915701,-123.00029081
1813136810,209.52.88.110:18334,,20180330 18:02:46,49.24916346,-123.00032359
1813136810,209.52.88.110:18334,,20180330 18:02:47,49.2491708,-123.00034175
1813136810,209.52.88.110:18334,,20180330 18:02:48,49.24916531,-123.00035238
1813136810,209.52.88.110:18334,,20180330 18:02:49,49.24916139,-123.00036993
1813136810,209.52.88.110:18334,,20180330 18:02:50,49.24915466,-123.00038407
1813136810,209.52.88.110:18334,,20180330 18:02:51,49.24915258,-123.00041363
1813136810,209.52.88.110:18334,,20180330 18:02:52,49.24915281,-123.00044146
1813136810,209.52.88.110:18334,,20180330 18:02:53,49.24915408,-123.00045602
1813136810,209.52.88.110:18334,,20180330 18:02:54,49.24915714,-123.00046727
1813136810,209.52.88.110:18334,,20180330 18:02:55,49.24915756,-123.00048341
1813136810,209.52.88.110:18334,,20180330 18:02:56,49.24915389,-123.00050667
1813136810,209.52.88.110:18334,,20180330 18:02:57,49.2491578,-123.00052104
1813136810,209.52.88.110:18334,,20180330 18:02:58,49.24915922,-123.00053575
1813136810,209.52.88.110:18334,,20180330 18:02:59,49.24915924,-123.0005504
1813136810,209.52.88.110:18334,,20180330 18:03:00,49.24915983,-123.00055795
1813136810,209.52.88.110:18334,,20180330 18:03:01,49.24916479,-123.00057672
1813136810,209.52.88.110:18334,,20180330 18:03:02,49.24917026,-123.00059006
1813136810,209.52.88.110:18334,,20180330 18:03:03,49.24917849,-123.00060681
1813136810,209.52.88.110:18334,,20180330 18:03:03,49.2490875,-123.0006374
1813136810,209.52.88.110:18334,,20180330 18:03:04,49.249184,-123.0006338
1813136810,209.52.88.110:18334,,20180330 18:03:05,49.24918171,-123.00067484
1813136810,209.52.88.110:18334,,20180330 18:03:06,49.24919281,-123.00068149
1813136810,209.52.88.110:18334,,20180330 18:03:07,49.2491997,-123.00070211
1813136810,209.52.88.110:18334,,20180330 18:03:08,49.24921569,-123.00067333
1813136810,209.52.88.110:18334,,20180330 18:03:09,49.24922192,-123.00070554
1813136810,209.52.88.110:18334,,20180330 18:03:10,49.24923019,-123.00071678
1813136810,209.52.88.110:18334,,20180330 18:03:11,49.24923301,-123.00073538
1813136810,209.52.88.110:18334,,20180330 18:03:12,49.2492344,-123.00075179
1813136810,209.52.88.110:18334,,20180330 18:03:13,49.24923749,-123.00076713
1813136810,209.52.88.110:18334,,20180330 18:03:14,49.24923516,-123.00078689
1813136810,209.52.88.110:18334,,20180330 18:03:15,49.24922499,-123.0008128
1813136810,209.52.88.110:18334,,20180330 18:03:16,49.24921801,-123.00084176
1813136810,209.52.88.110:18334,,20180330 18:03:17,49.24921509,-123.00086693
1813136810,209.52.88.110:18334,,20180330 18:03:18,49.24921088,-123.00089515
1813136810,209.52.88.110:18334,,20180330 18:03:19,49.24921977,-123.00089956
1813136810,209.52.88.110:18334,,20180330 18:03:20,49.24921843,-123.00091897
1813136810,209.52.88.110:18334,,20180330 18:03:21,49.24922215,-123.00092894
1813136810,209.52.88.110:18334,,20180330 18:03:22,49.24922533,-123.00094223
1813136810,209.52.88.110:18334,,20180330 18:03:23,49.24922883,-123.00095785
1813136810,209.52.88.110:18334,,20180330 18:03:23,49.2492194,-123.0010166
1813136810,209.52.88.110:18334,,20180330 18:03:24,49.24922913,-123.00097378
1813136810,209.52.88.110:18334,,20180330 18:03:25,49.24923452,-123.00099178
1813136810,209.52.88.110:18334,,20180330 18:03:26,49.24923298,-123.00100371
1813136810,209.52.88.110:18334,,20180330 18:03:27,49.24923083,-123.00101925
1813136810,209.52.88.110:18334,,20180330 18:03:28,49.24923232,-123.00103377
1813136810,209.52.88.110:18334,,20180330 18:03:29,49.24923083,-123.00105077
1813136810,209.52.88.110:18334,,20180330 18:03:30,49.24923203,-123.00106868
1813136810,209.52.88.110:18334,,20180330 18:03:31,49.24923035,-123.00109116
1813136810,209.52.88.110:18334,,20180330 18:03:32,49.24923036,-123.00111086
1813136810,209.52.88.110:18334,,20180330 18:03:33,49.24922779,-123.00113535
1813136810,209.52.88.110:18334,,20180330 18:03:34,49.24923596,-123.00114839
1813136810,209.52.88.110:18334,,20180330 18:03:35,49.24923559,-123.00115866
1813136810,209.52.88.110:18334,,20180330 18:03:36,49.24924419,-123.00116234
1813136810,209.52.88.110:18334,,20180330 18:03:37,49.2492452,-123.0011626
1813136810,209.52.88.110:18334,,20180330 18:03:38,49.2492475,-123.00116712
1813136810,209.52.88.110:18334,,20180330 18:03:39,49.2492474,-123.00116756
1813136810,209.52.88.110:18334,,20180330 18:03:40,49.24925963,-123.00113778
1813136810,209.52.88.110:18334,,20180330 18:03:41,49.249268,-123.00113027
1813136810,209.52.88.110:18334,,20180330 18:03:42,49.24928422,-123.00112384
1813136810,209.52.88.110:18334,,20180330 18:03:43,49.24928476,-123.00111646
1813136810,209.52.88.110:18334,,20180330 18:03:44,49.24928737,-123.00111102
1813136810,209.52.88.110:18334,,20180330 18:03:44,49.249458,-123.0011796
1813136810,209.52.88.110:18334,,20180330 18:03:45,49.24928265,-123.00111152
1813136810,209.52.88.110:18334,,20180330 18:03:46,49.24928774,-123.00105872
1813136810,209.52.88.110:18334,,20180330 18:03:47,49.24927122,-123.00103738
1813136810,209.52.88.110:18334,,20180330 18:03:48,49.24926148,-123.00100277
1813136810,209.52.88.110:18334,,20180330 18:03:49,49.24925291,-123.00097002
1813136810,209.52.88.110:18334,,20180330 18:03:50,49.24926977,-123.00098379
1813136810,209.52.88.110:18334,,20180330 18:03:51,49.24925973,-123.00097298
1813136810,209.52.88.110:18334,,20180330 18:03:52,49.24926076,-123.00097665
1813136810,209.52.88.110:18334,,20180330 18:03:53,49.24925971,-123.00097986
1813136810,209.52.88.110:18334,,20180330 18:03:54,49.2492538,-123.00097918
1813136810,209.52.88.110:18334,,20180330 18:03:55,49.24925033,-123.00097776
1813136810,209.52.88.110:18334,,20180330 18:03:56,49.24924821,-123.00097738
1813136810,209.52.88.110:18334,,20180330 18:03:57,49.24925063,-123.0009803
1813136810,209.52.88.110:18334,,20180330 18:03:58,49.24925217,-123.00098054
1813136810,209.52.88.110:18334,,20180330 18:03:59,49.24924959,-123.00097556
1813136810,209.52.88.110:18334,,20180330 18:04:00,49.24924699,-123.00097232
1813136810,209.52.88.110:18334,,20180330 18:04:01,49.24924191,-123.00096552
1813136810,209.52.88.110:18334,,20180330 18:04:02,49.24923999,-123.00096481
1813136810,209.52.88.110:18334,,20180330 18:04:03,49.24924,-123.0009649
1813136810,209.52.88.110:18334,,20180330 18:04:04,49.24923977,-123.00096487
1813136810,209.52.88.110:18334,,20180330 18:04:04,49.2494872,-123.0010394
1813136810,209.52.88.110:18334,,20180330 18:04:05,49.2492397,-123.00096485
1813136810,209.52.88.110:18334,,20180330 18:04:06,49.24923965,-123.00096489
1813136810,209.52.88.110:18334,,20180330 18:04:07,49.24923963,-123.0009649
1813136810,209.52.88.110:18334,,20180330 18:04:08,49.24923962,-123.00096491
1813136810,209.52.88.110:18334,,20180330 18:04:09,49.24923962,-123.00096492
1813136810,209.52.88.110:18334,,20180330 18:04:10,49.24923962,-123.00096491
1813136810,209.52.88.110:18334,,20180330 18:04:11,49.24923962,-123.00096491
1813136810,209.52.88.110:18334,,20180330 18:04:12,49.24923962,-123.00096492
1813136810,209.52.88.110:18334,,20180330 18:04:13,49.24923964,-123.00096487
1813136810,209.52.88.110:18334,,20180330 18:04:13,49.2494912,-123.0010192
1813136810,209.52.88.110:18334,,20180330 18:04:14,49.2492393,-123.00096461
1813136810,209.52.88.110:18334,,20180330 18:04:15,49.2492393,-123.00096461
1813136810,209.52.88.110:18334,,20180330 18:04:16,49.2492393,-123.0009646
1813136810,209.52.88.110:18334,,20180330 18:04:17,49.2492393,-123.0009646
1813136810,209.52.88.110:18334,,20180330 18:04:18,49.2492393,-123.0009646
1813136810,209.52.88.110:18334,,20180330 18:04:19,49.24908892,-123.00077016
1813136810,209.52.88.110:18334,,20180330 18:04:20,49.24909084,-123.00075754
1813136810,209.52.88.110:18334,,20180330 18:04:22,49.2492393,-123.0009646
1813136810,209.52.88.110:18334,,20180330 18:04:23,49.2492393,-123.0009646
1813136810,209.52.88.110:18334,,20180330 18:04:24,49.2492393,-123.0009646
1813136810,209.52.88.110:18334,,20180330 18:04:25,49.2492393,-123.0009646
1813136810,209.52.88.110:18334,,20180330 18:04:34,49.2494921,-123.001019
1813136810,209.52.88.110:18334,,20180330 18:04:54,49.2495577,-123.0010012
1813136810,209.52.88.110:18334,,20180330 18:05:14,49.2495577,-123.0010012
1813136810,209.52.88.110:18334,,20180330 18:05:34,49.2495551,-123.0010022
1813136810,209.52.88.110:18334,,20180330 18:05:54,49.2495529,-123.0009915
1813136810,209.52.88.110:18334,,20180330 18:06:14,49.2495524,-123.0009918
1813136810,142.232.130.237:52815,,20180330 19:07:42,49.2495377,-123.0008306
1813136810,142.232.130.237:52815,,20180330 19:07:42,49.2495377,-123.0008306
1813136810,142.232.130.237:60189,,20180330 19:14:45,49.2495443,-123.0009352
